"USNM.no.","GRG.no.","Species","date.d.m.y","Locality","County","State.Province","Collector","prepartor","tissue.no.","Sex","Age","testes.L.R","weight.g","skeleton","wing.R.mm","tail.mm","bill.depth.mm","bill.width.mm","bill.culmen.mm","bill.nares.mm","tarsus1.mm","tarsus2.mm","alula","wing.spot.L.mm","wing.spot.R.mm","back.photoID","side.photoID","crown.photoID","ventral.photoID","file.loc","comments_specimen","comments_analysis","pop","Region","lat","lon"
606619,2488,"Setophaga caerulescens","12-Jun-88","Jefferson Nat'l Forest, 4.5mi SE Norton, Bark Camp Branch; 920m","Wise","VA","GRG","JPA","T-456","M","ASY","7x5, NA",9.5,"partial",64.8,50.6,2.7,3.6,10.3,6.9,NA,NA,"blue",15,15.7,NA,NA,NA,NA,NA,"Not original label","","VA.Wise","South",36.933433,-82.6290459
606621,2490,"Setophaga caerulescens","12-Jun-89","Jefferson Nat'l Forest, 4.5mi SE Norton, Bark Camp Branch; 920m","Wise","VA","GRG","JPA","T-458-a,b","M","SY","7x5, NA",9.5,"partial",64,47.8,2.9,3.8,10.4,6.8,NA,NA,"green",14.8,15.4,NA,NA,NA,NA,NA,"Not original label","","VA.Wise","South",36.933433,-82.6290459
606622,2491,"Setophaga caerulescens","13-Jun-88","Jefferson Nat'l Forest, 4.5mi SE Norton, Bark Camp Branch; 920m","Wise","VA","GRG","JPA","T-459-a,b","M","ASY","5x5, NA",10.5,"partial",66.2,53.6,2.8,3.5,10.8,6.8,NA,NA,"blue",19.9,20.7,NA,NA,NA,NA,NA,"gonads mushy; Not original label","","VA.Wise","South",36.933433,-82.6290459
606623,2492,"Setophaga caerulescens","13-Jun-89","Stoney Creek, 12mi NE Pembroke, Jefferson Nat'l Forest; 850m","Giles","VA","GRG","JPA","460-a,b","M","ASY","7x5.5, NA",9,"partial",66.3,50.7,2.8,4.2,11,7.4,NA,NA,"blue",14.1,17.2,NA,NA,NA,NA,NA,"not original tag","","VA.Giles","South",37.3195684,-80.6389541
606627,2496,"Setophaga caerulescens","13-Jun-88","Stoney Creek, 12mi NE Pembroke, Jefferson Nat'l Forest; 850m","Giles","VA","GRG","JPA","464-a,b","M","ASY","4.5x2.5, NA",9.3,"partial",66.4,54.2,3,3.7,10.7,7,NA,NA,"blue",16.9,15.2,NA,NA,NA,NA,NA,"not original tag; testes mushy; washed with ivory soap","","VA.Giles","South",37.3195684,-80.6389541
606633,2503,"Setophaga caerulescens","11-Jun-88","Jefferson Nat'l Forest, 4.5mi ENE Norton, Little Stoney Creek; 920m","Wise","VA","GRG","JPA","T-471-a,b","M","ASY",NA,NA,"partial",67.8,53.8,2.9,4.3,10.8,6.8,NA,NA,"blue",17.7,18.3,NA,NA,NA,NA,NA,"testes damaged by shot; not original label","","VA.Wise","South",36.933433,-82.6290459
606634,2504,"Setophaga caerulescens","11-Jun-88","Jefferson Nat'l Forest, 4.5mi ENE Norton, Little Stoney Creek; 920m","Wise","VA","GRG","JPA","T-472-a,b","M","ASY",NA,NA,"partial",64.8,54.2,3,3.7,10.9,6.4,17.7,NA,"blue",15.9,13.9,NA,NA,NA,NA,NA,"","","VA.Wise","South",36.933433,-82.6290459
606637,2507,"Setophaga caerulescens","12-Jun-88","Jefferson Nat'l Forest, 7mi NNE Pembroke, Stony Creek; 750m","Giles","VA","GRG","JPA","475-a,b","M","SY","NA, 5x5",9,"partial",61.4,52.8,2.9,3.9,11,7.4,NA,NA,"green",8.4,8,NA,NA,NA,NA,NA,"not original tag","","VA.Giles","South",37.3195684,-80.6389541
606639,2509,"Setophaga caerulescens","12-Jun-88","Jefferson Nat'l Forest, 4mi SE Norton, Bark Camp Branch; 920m","Wise","VA","GRG","U","T-477-a,b","M","SY","8x4",9,"partial",62,50.4,3.2,3.4,10.5,6.6,NA,NA,"green",13.3,11.9,NA,NA,NA,NA,NA,"not original label","",NA,NA,NA,NA
606641,2511,"Setophaga caerulescens","12-Jun-88","Jefferson Nat'l Forest, 4mi SE Norton, Bark Camp Branch; 920m","Wise","VA","GRG","U","T-479-a,b","M","SY","8x7, NA",9.5,"partial",60.8,52.5,NA,NA,NA,NA,NA,NA,"green",10.3,12.6,NA,NA,NA,NA,NA,"not original label; upper bill is broken","",NA,NA,NA,NA
606642,2512,"Setophaga caerulescens","12-Jun-88","Jefferson Nat'l Forest, 4.5mi SE Norton, Bark Camp Branch; 920m","Wise","VA","GRG","JPA","T-480-a,b","M","ASY","8x6",9,"partial",63.4,53,3,4.1,10.8,6.8,NA,NA,"blue",13.6,14.9,NA,NA,NA,NA,NA,"Not original label","","VA.Wise","South",36.933433,-82.6290459
606643,2513,"Setophaga caerulescens","12-Jun-88","Jefferson Nat'l Forest, 4.5mi SE Norton, Bark Camp Branch; 920m","Wise","VA","GRG","JPA","T-481-a,b","M","ASY","6x5, 5x4",9.5,"partial",62.6,54.4,3.1,3.9,10.4,7,18.6,NA,"blue",12.5,14,NA,NA,NA,NA,NA,"Not original label","","VA.Wise","South",36.933433,-82.6290459
606647,2517,"Setophaga caerulescens","13-Jun-88","Stoney Creek, 10mi NE Pembroke, Jefferson Nat'l Forest; 800m","Giles","VA","GRG","JPA","485-a,b","M","ASY","NA, 5x5",8.5,"partial",64.8,53.4,2.8,4.2,10.9,7.2,NA,NA,"blue",13.6,14.6,NA,NA,NA,NA,NA,"not original tag","","VA.Giles","South",37.3195684,-80.6389541
606654,2524,"Setophaga caerulescens","13-Jun-88","Stoney Creek, 12mi NE Pembroke, Jefferson Nat'l Forest; 850m","Giles","VA","GRG","JPA","492-a,b","M","ASY","6x5, NA",9,"partial",64.2,54.4,3.1,4.1,10.9,6.7,NA,NA,"blue",11.9,14.4,NA,NA,NA,NA,NA,"not original tag","","VA.Giles","South",37.3195684,-80.6389541
606655,2525,"Setophaga caerulescens","11-Jun-88","Bark Camp Branch, 4mi SE Norton, Jefferson Nat'l Forest; 920m","Wise","VA","GRG","JPA","T-493-a,b","M","ASY","4x5",8.5,"partial",64.1,54.4,2.9,3.9,10.8,6.5,NA,NA,"blue",16.4,18.8,NA,NA,NA,NA,NA,"Not original label","","VA.Wise","South",36.933433,-82.6290459
606656,2526,"Setophaga caerulescens","11-Jun-88","Bark Camp Branch, 4mi SE Norton, Jefferson Nat'l Forest; 920m","Wise","VA","GRG","JPA","T-494-a,b","M","ASY","7.5x5.5",10,"partial",62.1,54.9,3.2,3.5,10.9,6.4,NA,NA,"blue",16.8,16.4,NA,NA,NA,NA,NA,"Not original label","","VA.Wise","South",36.933433,-82.6290459
606657,2527,"Setophaga caerulescens","11-Jun-88","Bark Camp Branch, 4mi SE Norton, Jefferson Nat'l Forest; 920m","Wise","VA","GRG","JPA","T-495-a,b","M","ASY","5x5",9.5,"partial",63.8,52,2.9,3.7,10.5,6.9,NA,NA,"blue",16.8,14.1,NA,NA,NA,NA,NA,"Not original label","","VA.Wise","South",36.933433,-82.6290459
606662,2532,"Setophaga caerulescens","13-Jun-88","Stoney Creek, 10mi NE Pembroke, Jefferson Nat'l Forest; 850m","Giles","VA","GRG","JPA","500-a,b","M","SY","5x5",9.5,"partial",62.6,51.8,3,3.7,11.2,7,NA,NA,"green",12.4,14.9,NA,NA,NA,NA,NA,"not original tag; testes mushy","","VA.Giles","South",37.3195684,-80.6389541
606663,2533,"Setophaga caerulescens","13-Jun-88","Stoney Creek, 10mi NE Pembroke, Jefferson Nat'l Forest; 850m","Giles","VA","GRG","JPA","501-a,b","M","ASY","7x6",9.5,"partial",62.9,53.8,3.3,4.2,10.6,7.2,NA,NA,"blue",11.9,13.9,NA,NA,NA,NA,NA,"not original tag","","VA.Giles","South",37.3195684,-80.6389541
606673,2543,"Setophaga caerulescens","21-Jun-88","Monogahela Nat'l Forest; 2mi E. Gauley Mills","Webster","WV","GRG","JPA","511-a,b","M","ASY","6.5x5",9.5,"partial",62.3,51.4,3,4,9.8,6.7,NA,NA,"blue",13,11.1,NA,NA,NA,NA,NA,"660m elev; not original label","","WV.Webster","Central",38.3614987,-80.5834224
606674,2544,"Setophaga caerulescens","21-Jun-88","Monogahela Nat'l Forest;Gauley River, 2mi E. Gauley Mills","Webster","WV","GRG","JPA","512-a,b","M","ASY","7x5, 6x5",9,"partial",62.4,50.1,2.8,4.2,10.5,7,NA,NA,"blue",17.5,17.6,NA,NA,NA,NA,NA,"660m elev; not original label","","WV.Webster","Central",38.3614987,-80.5834224
606675,2545,"Setophaga caerulescens","21-Jun-88","Monogahela Nat'l Forest;Gauley River, 2mi E. Gauley Mills","Webster","WV","GRG","JPA","513-a,b","M","ASY","7x5.5",9,"partial",62.2,55.8,3.2,3.8,11.1,7.2,NA,NA,"blue",12.7,14.6,NA,NA,NA,NA,NA,"660m elev; not original label","","WV.Webster","Central",38.3614987,-80.5834224
606681,2551,"Setophaga caerulescens","19-Jun-88","Monongahela Nat'l Forest, Shaver's Fork, 1mi N Hwy 92; 1070m","Randolph","WV","GRG","JPA","T-519-a,b","M","ASY","8x5.5",9.5,"partial",64.5,53.6,3.1,3.7,11.1,7,NA,NA,"blue",19.6,20,NA,NA,NA,NA,NA,"Not original label","","WV.Randolph","Central",38.746127,-79.809744
606682,2552,"Setophaga caerulescens","19-Jun-88","Monongahela Nat'l Forest, Shaver's Fork, 1mi N Hwy 92; 1070m","Randolph","WV","GRG","JPA","T-520-a,b","M","ASY","6x6",9,"partial",63,46.7,3,4.2,10.7,7.2,NA,NA,"blue",10.6,13.3,NA,NA,NA,NA,NA,"Not original label","","WV.Randolph","Central",38.746127,-79.809744
606683,2553,"Setophaga caerulescens","19-Jun-88","Monongahela Nat'l Forest, Shaver's Fork, 1mi N Hwy 92; 1070m","Randolph","WV","GRG","JPA","T-521-a,b","M","ASY","7x5",9.5,"partial",65,52,3.4,3.5,10.5,6.8,NA,NA,"blue",13.4,14,NA,NA,NA,NA,NA,"Not original label","","WV.Randolph","Central",38.746127,-79.809744
606684,2554,"Setophaga caerulescens","19-Jun-88","Monongahela Nat'l Forest, Shaver's Fork, 2mi N Hwy 92; 1100m","Randolph","WV","GRG","JPA","T-522-a,b","M","SY","7x4",8.5,"partial",58.3,50.9,3.4,3.8,10.7,6,NA,NA,"green",6.9,9.5,NA,NA,NA,NA,NA,"Not original label","","WV.Randolph","Central",38.746127,-79.809744
606690,2562,"Setophaga caerulescens","19-Jun-88","Monongahela Nat'l Forest, Shaver's Fork, 4mi N Hwy 92; 1050m","Randolph","WV","GRG","JPA","T-530-a,b","M","SY","7.5x5, 5.5x5",9,"partial",62.2,54.8,2.9,3.9,11.2,7.4,NA,NA,"green",11.2,11.1,NA,NA,NA,NA,NA,"Not original label","","WV.Randolph","Central",38.746127,-79.809744
606695,2567,"Setophaga caerulescens","19-Jun-88","Monongahela Nat'l Forest, Shaver's Fork, 4mi N Hwy 92; 1100m","Randolph","WV","GRG","JPA","T-535-a,b","M","SY","8x6, NA",9.5,"partial",61.9,51.3,3.4,3.9,10.5,6.8,NA,NA,"green",12.5,11.6,NA,NA,NA,NA,NA,"R testis not enlarged; not original label","","WV.Randolph","Central",38.746127,-79.809744
606696,2568,"Setophaga caerulescens","19-Jun-88","Monongahela Nat'l Forest, Shaver's Fork, 4mi N Hwy 92; 1100m","Randolph","WV","GRG","JPA","T-563-a,b","M","SY","8x5, NA",9,"partial",63.7,52.5,3,4.2,10.5,6.9,NA,NA,"green",9.2,8.6,NA,NA,NA,NA,NA,"R testis not enlarged; not original label","","WV.Randolph","Central",38.746127,-79.809744
606697,2569,"Setophaga caerulescens","21-Jun-88","Monogahela Nat'l Forest; Gauley River; 2mi E Gauley Mills; 660M","Webster","WV","GRG","JPA","537-a,b","M","ASY","9x5.5, NA",9,"partial",65.1,51.2,3.1,3.2,9.4,6.5,NA,NA,"blue",15.8,16,NA,NA,NA,NA,NA,"","","WV.Webster","Central",38.3614987,-80.5834224
606698,2570,"Setophaga caerulescens","21-Jun-88","Monogahela Nat'l Forest;Gauley River, 2mi E. Gauley Mills","Webster","WV","GRG","JPA","538-a,b","M","SY","5x3.5",9.45,"partial",64.7,53.7,3,4.1,9.5,7.4,NA,NA,"green",16.4,14.4,NA,NA,NA,NA,NA,"660m elev;  not original label","","WV.Webster","Central",38.3614987,-80.5834224
606699,2571,"Setophaga caerulescens","21-Jun-88","Monogahela Nat'l Forest;Gauley River, 2mi E. Gauley Mills","Webster","WV","GRG","JPA","539-a,b","M","ASY",NA,10,"partial",64.7,56.6,3.1,4.1,10.2,7.2,NA,NA,"blue",12.8,NA,NA,NA,NA,NA,NA,"660m elev;  not original label; gonads not seen; some R wing primaries broken","","WV.Webster","Central",38.3614987,-80.5834224
606700,2572,"Setophaga caerulescens","21-Jun-88","Monogahela Nat'l Forest;Gauley River, 2mi E. Gauley Mills","Webster","WV","GRG","JPA","540-a,b","M","ASY",NA,9,"partial",64.2,52.6,3.1,3.9,9.9,7.3,NA,NA,"blue",13.5,14.8,NA,NA,NA,NA,NA,"660m elev; testes destroyed; not original label","","WV.Webster","Central",38.3614987,-80.5834224
608313,3203,"Setophaga caerulescens","13-Jun-92","1.5mi NW Black Moshannon Reservoir on Huckleberry Rd, Moshannon State Forest; 600m","Centre","PA","GRG","CJD","T-923","M","SY","6x4, 5x5",9.5,"partial",62.5,49.7,3,4,10.2,6.7,NA,NA,"green",14.7,12.7,NA,NA,NA,NA,NA,"bill black; mouth lining cream; legs munsell 2.5Y 4/2; no fat; stomach saved; no molt","","PA.Centre","Central",40.90035,-78.0559211
608314,3251,"Setophaga caerulescens","13-Jun-92","0.5mi W Sixmile Run on Strawband Beaver Rd, Moshannon State Forest; 650m","Centre","PA","GRG","CJD","T-971","M","SY","5x4, NA",9.6,"partial",64.5,49.9,2.9,3.9,10.1,6.8,NA,NA,"green",9,7,NA,NA,NA,NA,NA,"bill black; legs munsell 5Y 2.5/1; moderate fat; stomach saved; no molt; R testis deflated","","PA.Centre","Central",40.1673027,-78.2152885
608321,3258,"Setophaga caerulescens","14-Jun-92","3.5mi SW Black Moshannon Reservoir on Strawband Beaver Rd, Moshannon State Forest; 600m","Centre","PA","GRG","CJD","T-978","M","SY","7x5, 4x4",9.1,"partial",59.9,53.2,3,3.9,10.9,7.2,NA,NA,"green",9.2,9.5,NA,NA,NA,NA,NA,"bill black; mouth lining cream; legs munsell 2.5Y 3/2; no fat; stomach saved; no molt; foot pads yellowish","","PA.Centre","Central",40.90035,-78.0559211
608323,3263,"Setophaga caerulescens","14-Jun-92","0.4mi N of Hwy 322 on Sandy Ridge Trail, State Game Lands No. 33; 700m","Centre","PA","GRG","JPD","T-983","M","SY","NA, 6x5.5",9,"partial",62.3,52.4,2.9,3.9,11,7.3,NA,NA,"green",12.7,12,NA,NA,NA,NA,NA,"bill black; mouth lining black; legs munsell 2.5Y 4/2; very light fat; stomach saved; no molt; L testis ruptured","","PA.Centre","Central",40.8191398,-78.0559211
608325,3205,"Setophaga caerulescens","14-Jun-92","1mi W of Hwy 322 on Sandy Ridge Trail; State game lands No.33; 700m","Centre","PA","GRG","CJD","T-925","M","SY","5x4, 4x4",9.4,"partial",59.1,52.5,3,4,11.2,6.5,NA,NA,"green",13.5,12.6,NA,NA,NA,NA,NA,"bill black; mouth lining light cream; legs munsell 2.5Y 432; no fat; stomach saved; no molt","","PA.Centre","Central",40.8191398,-78.0559211
608326,3259,"Setophaga caerulescens","14-Jun-92","1mi W of Hwy 322 on Sandy Ridge Trail; State game lands No.33; 700m","Centre","PA","GRG","JPD","T-979","M","SY","8x5, 6.5x5.5",9.5,"partial",63.5,54.1,3.2,4.1,11,7.5,NA,NA,"green",12.3,8.7,NA,NA,NA,NA,NA,"bill black; mouth lining gray; legs munsell 5Y 4/2; fat moderate; stomach saved; no molt","","PA.Centre","Central",40.8191398,-78.0559211
608330,3264,"Setophaga caerulescens","14-Jun-92","0.3mi S Black Moshannon Creek on Hannah Furnace Rd, Moshannon State Forest; 475m","Centre","PA","GRG","JPD","T-984","M","SY","7x5, 5.5x4.5",9.8,"partial",61.9,51.3,3.2,NA,10.7,7,NA,NA,"green",11.6,12.6,NA,NA,NA,NA,NA,"bill black; mouth lining black; legs munsell 5Y 2.5/2; stomach saved; no molt; lower bill tip broken","","PA.Centre","Central",41.0179488,-78.0185119
608331,3265,"Setophaga caerulescens","14-Jun-92","0.3mi S Black Moshannon Creek on Hannah Furnace Rd, Moshannon State Forest; 475m","Centre","PA","GRG","JPD","T-985","M","SY","5.5x5, NA",8.3,"partial",61.1,51.8,2.9,4.1,11.5,6.7,NA,NA,"green",12.9,11.1,NA,NA,NA,NA,NA,"bill black; mouth lining black; legs munsell 5Y 3/2; fat light; stomach saved; R testis ruptured","","PA.Centre","Central",41.0179488,-78.0185119
608335,3269,"Setophaga caerulescens","16-Jun-92","1.5mi NNE Lyman Lake on side road off Rock Run Rd., Susquehannock State Forest; 700m","Potter","PA","GRG","CJD","T-989","M","SY","6x5, 5x5",9.3,"partial",61.2,52.8,3,4,11.1,6.8,NA,NA,"green",10.6,14.5,NA,NA,NA,NA,NA,"bill black; mouth lining cream; legs munsell 2.5Y 3/2; foot pads yellowish; no fat; stomach saved; no molt","","PA.Potter","Central",41.7220797,-77.7767117
608336,3211,"Setophaga caerulescens","16-Jun-92","1.5mi NE Lyman Lake on Rock Run Rd., Susquehannock State Forest; 650m","Potter","PA","GRG","JPD","T-931","M","SY","7x4.5, 6.5x5",8.9,"partial",62.4,51.6,2.9,4,10.7,6.9,NA,NA,"green",15.4,18.2,NA,NA,NA,NA,NA,"bill black; mouth lining cream; legs Munsell 2.5Y 4/4; light fat; no molt - wings and tail worn; stomach saved","","PA.Potter","Central",41.7220797,-77.7767117
608338,3271,"Setophaga caerulescens","16-Jun-92","1.5mi NNE Lyman Lake on side road off Rock Run Rd., Susquehannock State Forest; 700m","Potter","PA","GRG","CJD","T-991","M","ASY","8x6, 5x4",9.1,"partial",65,55.2,3.2,3.9,10.4,7,NA,NA,"blue",18.7,18.1,NA,NA,NA,NA,NA,"bill black; mouth lining dark brown; legs munsell 2.5Y 4/2; foot pads yellowish; no fat; stomach saved; no molt","","PA.Potter","Central",41.7220797,-77.7767117
608340,3208,"Setophaga caerulescens","16-Jun-92","1.5mi NNE Lyman Lake on side road off Rock Run Rd., Susquehannock State Forest; 700m","Potter","PA","GRG","CJD","T-928","M","SY","6.5x5, 5x5",8.8,"partial",57.3,54.9,2.8,4.1,10.3,6.7,NA,NA,"green",10.8,10.8,NA,NA,NA,NA,NA,"bill black; mouth lining cream; legs munsell 5Y 3/2; no fat; stomach saved; no molt","","PA.Potter","Central",41.7220797,-77.7767117
608346,3275,"Setophaga caerulescens","16-Jun-92","2.5mi NNE Lyman Lake on side road off Rock Run Rd., Susquehannock State Forest; 700m","Potter","PA","GRG","JPD","T-995","M","SY","7x5.5, 6.5x5",10,"partial",59.8,55.6,3.2,4,NA,NA,NA,NA,"green",11.8,10,NA,NA,NA,NA,NA,"bill black; legs munsell 5Y 4/2; moderate fat; stomach saved; no molt; bill broken","","PA.Potter","Central",41.7220797,-77.7767117
608347,3276,"Setophaga caerulescens","16-Jun-92","2.75mi NNE Lyman Lake on side road off Rock Run Rd., Susquehannock State Forest; 700m","Potter","PA","GRG","JPD","T-996","M","ASY","6.5x5, 7x5.5",9.4,"partial",66.2,52.5,3.3,4.2,11,6.8,NA,NA,"blue",14.8,15.1,NA,NA,NA,NA,NA,"bill black; mouth lining black; legs munsell 2.5Y 4/4; moderate fat; stomach saved; no molt","","PA.Potter","Central",41.7220797,-77.7767117
608348,3277,"Setophaga caerulescens","17-Jun-92","3mi NNE Lyman Lake on side road off Rock Run Rd., Susquehannock State Forest; 700m","Potter","PA","GRG","JPD","T-997","M","SY","7x5, 6x5",9.35,"partial",59.8,50.3,3,4,10.8,7.6,NA,NA,"green",9.7,10.1,NA,NA,NA,NA,NA,"bill black; mouth lining black; legs munsell 5Y 4/4; light fat; stomach saved; no molt","","PA.Potter","Central",41.7220797,-77.7767117
608350,3279,"Setophaga caerulescens","17-Jun-92","3mi NNE Lyman Lake on side road off Rock Run Rd., Susquehannock State Forest; 700m","Potter","PA","GRG","CJD","T-999","M","ASY","7x5, 5x5",9.3,"partial",64.4,47.9,3.2,4.1,10.8,7.2,NA,NA,"blue",16.7,17.2,NA,NA,NA,NA,NA,"bill black; mouth lining brown; legs munsell 2.5Y 3/2; light fat; stomach saved; no molt; some throat feathers in sheath","","PA.Potter","Central",41.7220797,-77.7767117
608370,3239,"Setophaga caerulescens","20-Jun-92","1.5mi SSE Denman Mountain, Catskills State Park; 650m","Sullivan","NY","GRG","CJD","T-959","M","ASY","9x6, 6x5",9.3,"partial",63.5,52.8,2.8,3.9,10,6.2,NA,NA,"blue",15.9,15.3,NA,NA,NA,NA,NA,"bill black; mouth lining brown; legs munsell 5Y 2.5/1; light fat; stomach saved; no molt","","NY.Sullivan","North Central",41.90287,-74.5396005
608371,3240,"Setophaga caerulescens","20-Jun-92","1.5mi SSE Denman Mountain, Catskills State Park; 650m","Sullivan","NY","GRG","CJD","T-960","M","ASY","6x5, 5x4",9.6,"partial",60,48.1,3.1,4,10.4,6.5,NA,NA,"blue",11.6,18.3,NA,NA,NA,NA,NA,"bill black; mouth lining dark brown; legs munsell 5Y 3/1; no fat; stomach saved; no molt","","NY.Sullivan","North Central",41.90287,-74.5396005
608372,3241,"Setophaga caerulescens","20-Jun-92","1.5mi SSE Denman Mountain, Catskills State Park; 650m","Sullivan","NY","GRG","CJD","T-961","M","ASY","6x5, 4x3",9,"partial",58.1,52.2,3.3,3.9,11,6.9,NA,NA,"blue",17,14.8,NA,NA,NA,NA,NA,"bill black; mouth lining cream; legs munsell 2.5Y 3/2; no fat; stomach saved; no molt","","NY.Sullivan","North Central",41.90287,-74.5396005
608373,3242,"Setophaga caerulescens","20-Jun-92","1.5mi SSE Denman Mountain, Catskills State Park; 650m","Sullivan","NY","GRG","CJD","T-962","M","SY","6x4, 6x4",9.8,"partial",60.3,51.8,3.3,4.1,10.2,7.1,NA,NA,"green",13,13.9,NA,NA,NA,NA,NA,"bill black; mouth lining cream; legs munsell 2.5Y 3/2; feet: yellowish pads; moderate fat; stomach saved; no molt","","NY.Sullivan","North Central",41.90287,-74.5396005
608374,3214,"Setophaga caerulescens","20-Jun-92","1.5mi SSE Denman Mountain, Catskills State Park; 650m","Sullivan","NY","GRG","CJD","T-934","M","ASY","7x5, 6x6",9.3,"partial",63.7,51,3.4,4.3,11,6.9,NA,NA,"blue",12.6,16.8,NA,NA,NA,NA,NA,"bill black; mouth lining cream; legs munsell 2.5Y 4/2; no fat; stomach saved; no molt","","NY.Sullivan","North Central",41.90287,-74.5396005
608375,3243,"Setophaga caerulescens","20-Jun-92","1.5mi SSE Denman Mountain, Catskills State Park; 650m","Sullivan","NY","GRG","JPD","T-963","M","?SY","NA, 5.5x 5.5",8.9,"partial",61.7,52.2,3,4,10.7,7,NA,NA,"bluish green",15.8,18.8,NA,NA,NA,NA,NA,"bill black; mouth lining black; legs munsell 2.5Y 3/2; no fat; stomach saved; no molt; L testis destroyed by shot; R testis mushy","","NY.Sullivan","North Central",41.90287,-74.5396005
608376,3245,"Setophaga caerulescens","20-Jun-92","1.5mi SSE Denman Mountain, Catskills State Park; 650m","Sullivan","NY","GRG","JPD","T-965","M","SY","6x4, NA",9.8,"partial",62.9,55.5,NA,NA,NA,NA,NA,NA,"green",9.9,12.1,NA,NA,NA,NA,NA,"bill black; mouth lining cream; legs munsell 5Y 4/2; stomach saved; no molt; R testis not found; Rectrix right 1 80% grown; bill broken off","","NY.Sullivan","North Central",41.90287,-74.5396005
608377,3244,"Setophaga caerulescens","20-Jun-92","1.5mi SSE Denman Mountain, Catskills State Park; 650m","Sullivan","NY","GRG","CJD","T-964","M","SY","7x4, 6x5",9,"partial",59.8,53.4,3,4,10.9,6.9,NA,NA,"green",11.8,12.2,NA,NA,NA,NA,NA,"bill black; mouth lining cream; legs munsell 2.5Y 3/2; no fat; stomach saved; no molt","","NY.Sullivan","North Central",41.90287,-74.5396005
608378,3246,"Setophaga caerulescens","20-Jun-92","1.5mi SSE Denman Mountain, Catskills State Park; 650m","Sullivan","NY","GRG","CJD","T-966","M","ASY","6x5, 5x5",9.4,"partial",64.9,53.5,3.1,4.1,11,6.4,NA,NA,"blue",13,15,NA,NA,NA,NA,NA,"bill black; mouth lining dark brown; legs munsell 5Y 2.5/2; light fat; stomach saved; no molt","","NY.Sullivan","North Central",41.90287,-74.5396005
608379,3216,"Setophaga caerulescens","20-Jun-92","1.5mi SSE Denman Mountain, Catskills State Park; 650m","Sullivan","NY","GRG","CJD","T-936","M","ASY","8x6, 6x5",9.6,"partial",63.1,51.6,3.1,4.4,10.6,7.1,NA,NA,"blue",14.5,14.9,NA,NA,NA,NA,NA,"bill black; mouth lining light brown; legs munsell 2.5Y 3/2; light fat; stomach saved; no molt","","NY.Sullivan","North Central",41.90287,-74.5396005
608406,3305,"Setophaga caerulescens","23-Jun-92","Fawn Lake, Adirondack State Park; 650m","Hamilton","NY","GRG","CJD","T-1025","M","SY","6x5, NA",10.1,"partial",61.9,49.9,NA,NA,10,6.5,NA,NA,"green",14.6,11,NA,NA,NA,NA,NA,"bill black; mouth lining brown; legs munsell 2.5Y 3/2; feet:yellowish pads; moderate fat; stomach saved; no molt; R testis deflated; base of bill broken at nares","","NY.Hamilton","North Central",43.4890471,-74.4540282
608409,3320,"Setophaga caerulescens","25-Jun-92","Fawn Lake, Adirondack State Park; 650m","Hamilton","NY","GRG","JPD","T-1040","M","SY","4x5, 6x5.5",9.65,"partial",59.6,52.5,3.1,4.2,11.1,7.4,NA,NA,"green",9.9,11.6,NA,NA,NA,NA,NA,"bill black; mouth lining cream; legs munsell 5Y 4/4; light fat; stomach saved; no molt; L testis deflated","","NY.Hamilton","North Central",43.4890471,-74.4540282
608411,3307,"Setophaga caerulescens","23-Jun-92","SE Flank of Fawn Lake Mountain, Adirondack State Park; 650m","Hamilton","NY","GRG","CJD","T-1027","M","ASY","6x5, 5x4",10,"partial",63.4,52.2,2.8,3.8,NA,NA,NA,NA,"green",11.8,12.2,NA,NA,NA,NA,NA,"bill black; mouth lining brown; legs munsell 5Y 3/1; moderate fat; stomach saved; no molt; upper bill broken","","NY.Hamilton","North Central",43.708677,-74.7798908
608417,3223,"Setophaga caerulescens","24-Jun-92","SE Flank of Fawn Lake Mountain, Adirondack State Park; 650m","Hamilton","NY","GRG","JPD","T-943","M","SY","6.5x5.5, 6x4.5",9.15,"partial",62.2,51.1,2.9,3.9,NA,NA,NA,NA,"green",10.7,12,NA,NA,NA,NA,NA,"bill black; mouth lining brownish ivory; legs munsell 2.5Y 4/2; no fat; stomach saved; no molt; very tip of bill chipped off","","NY.Hamilton","North Central",43.708677,-74.7798908
608419,3322,"Setophaga caerulescens","25-Jun-92","SE Flank of Fawn Lake Mountain, Adirondack State Park; 650m","Hamilton","NY","GRG","JPD","T-1042","M","ASY","7.5x6, 6.5x5",9.8,"partial",61.4,53.8,3,4.1,10,6.7,NA,NA,"blue",10.4,13.1,NA,NA,NA,NA,NA,"bill black; mouth lining black; legs Munsell 5Y 2.5/2; light fat; no molt; stomach saved","","NY.Hamilton","North Central",43.708677,-74.7798908
608426,3225,"Setophaga caerulescens","24-Jun-92","East End of Squaw Lake, Adirondack State Park; 700m","Hamilton","NY","GRG","JPD","T-945","M","ASY","8x6, 6.5x5.5",9.5,"partial",61.3,51.6,3.3,4.2,10,6.3,NA,NA,"blue",11.6,13.1,NA,NA,NA,NA,NA,"bill black; mouth lining brownish cream; legs munsell 5Y 4/2; stomach saved; no molt","","NY.Hamilton","North Central",43.6333221,-74.7388276
608427,3326,"Setophaga caerulescens","24-Jun-92","1mi N Falls Pond, Adirondack State Park; 600m","Hamilton","NY","GRG","JPD","T-946","M","ASY","7.5x5, 7x5",10.2,"partial",62,51.5,3.1,4.1,10.6,6.5,NA,NA,"blue",15,14.3,NA,NA,NA,NA,NA,"bill black; mouth lining ivory; legs munsell 2.5Y 3/2; light fat; stomach saved; no molt","","NY.Hamilton","North Central",43.6310659,-74.6857839
608428,3316,"Setophaga caerulescens","24-Jun-92","1mi N Falls Pond, Adirondack State Park; 600m","Hamilton","NY","GRG","CJD","T-1036","M","SY","7x4, 6x6",10.1,"partial",62.1,54.5,2.8,4.5,11,6.7,NA,NA,"green",8.8,8.3,NA,NA,NA,NA,NA,"bill black; mouth lining cream; legs munsell 2.5Y 3/2; moderate fat; stomach saved; no molt","","NY.Hamilton","North Central",43.6310659,-74.6857839
608568,3325,"Setophaga caerulescens","12-Jun-93","ca 9mi SW Davis on Red Run (10.5mi W Hwy 32 on Forest Service Road 13), Monongahela Nat'l Forest; 1000m","Tucker","WV","GRG","JPD","T-1045","M","SY","6.5x5, 5x4.5",9.3,"partial",60.4,53.3,2.9,3.9,10.5,7,NA,NA,"green",12.3,10.4,NA,NA,NA,NA,NA,"bill black; mouth lining black; legs: munsell 2.5Y 4/4 (olive brown); stomach saved","","WV.Tucker","Central",39.1287189,-79.4647739
608573,3330,"Setophaga caerulescens","13-Jun-93","ca 9mi SW Davis on Red Run (10.5mi W Hwy 32 on Forest Service Road 13), Monongahela Nat'l Forest; 1000m","Tucker","WV","GRG","JPD","T-1050","M","ASY","7.5x5.5, 6.5x5.5",NA,"partial",63.7,53.6,2.6,3.5,9.4,6.6,NA,NA,"blue",11.7,11.8,NA,NA,NA,NA,NA,"bill black; mouth lining black; legs: munsell 2.5Y 3/2 (very dark grayish brown); no molt; stomach saved","","WV.Tucker","Central",39.1287189,-79.4647739
608575,3332,"Setophaga caerulescens","13-Jun-93","ca 9mi SW Davis on Red Run (10.5mi W Hwy 32 on Forest Service Road 13), Monongahela Nat'l Forest; 1000m","Tucker","WV","GRG","JPD","T-1052","M","ASY","7x5, 6x5",9.4,"partial",64.3,53.8,3.1,3.8,10.6,7,NA,NA,"blue",17.8,20,NA,NA,NA,NA,NA,"bill black; mouth lining dark ivory edged with black; legs Munsell 2.5Y 3/2 (very dark grayish brown); very light fat; no molt; stomach saved","","WV.Tucker","Central",39.1287189,-79.4647739
608576,3333,"Setophaga caerulescens","13-Jun-93","ca 9mi SW Davis on Red Run (10mi W Hwy 32 on Forest Service Road 13), Monongahela Nat'l Forest; 990m","Tucker","WV","GRG","JPD","T-1053","M","ASY","6.5x5, 6x5",8.7,"partial",63.6,54.4,2.9,4.1,10,6.7,NA,NA,"blue",14.8,17.8,NA,NA,NA,NA,NA,"bill black; mouth lining center horn, edge black; legs: munsell 5Y 3/2 (dark olive gray); no fat; no molt; stomach saved","","WV.Tucker","Central",39.0536928,-79.5532627
608578,3335,"Setophaga caerulescens","13-Jun-93","ca 9mi SW Davis on Red Run (10mi W Hwy 32 on Forest Service Road 13), Monongahela Nat'l Forest; 990m","Tucker","WV","GRG","JPD","T-1055","M","SY","6.5x5.5, 6.5x5",9.6,"partial",59.4,51.9,3.1,4.1,10.7,6.9,NA,NA,"green",8.6,11.8,NA,NA,NA,NA,NA,"bill black; mouth lining dark gray; legs: munsell 5Y 2.5/2 (black); light fat; no molt; stomach saved","","WV.Tucker","Central",39.0536928,-79.5532627
608580,3337,"Setophaga caerulescens","13-Jun-93","ca 9mi SW Davis on Red Run (10mi W Hwy 32 on Forest Service Road 13), Monongahela Nat'l Forest; 990m","Tucker","WV","GRG","JPD","T-1057","M","SY","NA, 6x5",9.8,"partial",64.1,53.4,3.1,4.3,10,6.8,NA,NA,"green",13,12.6,NA,NA,NA,NA,NA,"bill black; mouth lining ivory gray; legs Munsell 5Y 3/2 (dark olive gray); light fat; no molt; stomach saved; L testis shot away","","WV.Tucker","Central",39.0536928,-79.5532627
608583,3340,"Setophaga caerulescens","13-Jun-93","ca 9mi SW Davis on Red Run (10mi W Hwy 32 on Forest Service Road 13), Monongahela Nat'l Forest; 990m","Tucker","WV","GRG","JPD","T-1060","M","SY","6x5.5, NA",9.6,"partial",64.2,53.2,3,3.8,10.8,6.3,NA,NA,"green",14,13.9,NA,NA,NA,NA,NA,"bill black; mouth lining ivory; legs: munsell 2.5Y 3/2 (very dark grayish brown); light fat; no molt; stomach saved; R testis destroyed","","WV.Tucker","Central",39.0536928,-79.5532627
608585,3342,"Setophaga caerulescens","13-Jun-93","ca 9mi SW Davis on Red Run (10mi W Hwy 32 on Forest Service Road 13), Monongahela Nat'l Forest; 990m","Tucker","WV","GRG","JPD","T-1062","M","ASY",NA,9.7,"partial",63.7,52.9,3.1,3.8,10,6.9,NA,NA,"blue",11.6,12.1,NA,NA,NA,NA,NA,"bill black; mouth lining black; legs: munsell 5Y 3/2 (dark olive gray); no fat; no molt; stomach saved; testes seen but too damaged to measure","","WV.Tucker","Central",39.0536928,-79.5532627
608587,3344,"Setophaga caerulescens","13-Jun-93","ca 9mi SW Davis on Red Run (10mi W Hwy 32 on Forest Service Road 13), Monongahela Nat'l Forest; 990m","Tucker","WV","GRG","JPD","T-1064","M","SY","6x5, 5x4.5",10.2,"partial",63.4,52.9,2.9,4,11.3,6.7,NA,NA,"green",10.8,12.3,NA,NA,NA,NA,NA,"bill black; mouth lining ivory gray; legs: munsell 5Y 2.5/1 (black); light fat; no molt; stomach saved","","WV.Tucker","Central",39.0536928,-79.5532627
608590,3347,"Setophaga caerulescens","13-Jun-93","Red Run at junction of Forest Service Roads 13 and 412, 7mi W of Hwy 32, Monongahela Nat'l Forest; 895m","Tucker","WV","GRG","JPD","T-1067","M","ASY","8x6, 5x4",9.9,"partial",62.3,52.6,3.1,4.3,10.4,6.8,NA,NA,"blue",10.5,12.1,NA,NA,NA,NA,NA,"bill black; mouth lining black; legs: munsell 2.5Y 3/2 (very dark grayish brown); light fat; no molt; stomach saved","","WV.Tucker","Central",39.0536928,-79.5532627
608618,3375,"Setophaga caerulescens","16-Jun-93","Skyview Rd; 800m","Bedford","PA","GRG","JPD","T-1095","M","ASY","6x5, 6.5x5",9.5,"partial",67.2,54.3,2.8,NA,10.5,7.4,NA,NA,"blue",13.5,14.8,NA,NA,NA,NA,NA,"bill black; mouth lining center ivory, edge black; legs munsell 2.5Y 3/2 (very dark grayish brown); light fat; stomach saved; no molt; L testis mushy","","PA.Bedford","Central",40.1107163,-79.2972537
608621,3378,"Setophaga caerulescens","16-Jun-93","Skyview Rd; 800m","Bedford","PA","GRG","JPD","T-1098","M","ASY","7.5x5.5, 7x5.5",9.7,"partial",62.9,53.3,3.3,3.8,11.2,6.9,NA,NA,"blue",11.1,12.2,NA,NA,NA,NA,NA,"bill black; mouth lining ivory gray; legs munsell 2.5Y 4/2 (dark grayish brown); light fat; stomach saved; no molt","","PA.Bedford","Central",40.1107163,-79.2972537
608624,3381,"Setophaga caerulescens","16-Jun-93","Skyview Rd; 800m","Bedford","PA","GRG","JPD","T-1101","M","SY","7x5.5, 6.5x4.5",9.2,"partial",62.1,49.4,3,4,10.1,7,NA,NA,"green",11.1,10.9,NA,NA,NA,NA,NA,"bill black; mouth lining ivory; legs munsell 5Y 2.5/2 (black); light to moderate fat; stomach saved; no molt","","PA.Bedford","Central",40.1107163,-79.2972537
608626,3383,"Setophaga caerulescens","16-Jun-93","Skyview Rd; 800m","Bedford","PA","GRG","CJD","T-1103","M","ASY","8x6",9.2,"partial",64.6,52,NA,NA,11.1,6.8,NA,NA,"blue",15.9,13.9,NA,NA,NA,NA,NA,"bill black; mouth lining cream; legs munsell 5Y 2.5/1 (black); stomach saved; light fat; no molt; R testis not found; upper and lower bill askew","","PA.Bedford","Central",40.1107163,-79.2972537
608628,3386,"Setophaga caerulescens","17-Jun-93","Road T614 at Lincoln/West St. Clair Township line; 670m","Bedford","PA","GRG","JPD","T-1106","M","SY","7x5, 5x5",8.95,"partial",62.8,47.8,3,4.1,10.9,6.7,NA,NA,"green",9,10,NA,NA,NA,NA,NA,"bill black; mouth lining center cream, edge ivory; legs munsell 2.5Y 3/2 (very dark grayish brown); stomach saved; very light fat; no molt","","PA.Bedford","Central",40.1107163,-79.2972537
608629,3387,"Setophaga caerulescens","17-Jun-93","1.5mi N Skyview Rd on Dirt Road to State Game Lands No.26; 800m","Bedford","PA","GRG","CJD","T-1107","M","ASY","7x5, 6x5",9.3,"partial",63.9,52.8,2.8,3.9,10.2,7,NA,NA,"blue",18.4,17.8,NA,NA,NA,NA,NA,"bill black; mouth lining cream; legs munsell 5Y 2.5/1 (black); stomach saved","","PA.Bedford","Central",40.1107163,-79.2972537
608630,3388,"Setophaga caerulescens","17-Jun-93","2.5mi N Skyview Rd on Dirt Road to State Game Lands No.26; 700m","Bedford","PA","GRG","JPD","T-1108","M","ASY","6.5x5 6.5x5.5",9.2,"partial",63.1,49.9,3.2,4.1,10.3,6.9,NA,NA,"blue",20.3,16.6,NA,NA,NA,NA,NA,"bill black; mouth lining black; legs munsell 2.5Y 3/2 (very dark grayish brown); very light fat; stomach saved; no molt","","PA.Bedford","Central",40.1107163,-79.2972537
608631,3389,"Setophaga caerulescens","17-Jun-93","Switch-back Trail on Slopes above Skyview Road and Township Rd T614; 750m (740m770m)","Bedford","PA","GRG","JPD","T-1109","M","ASY","8.5x6.5, 6.5x5.5",10.2,"partial",65.7,50.3,2.9,3.9,10.9,6.9,NA,NA,"blue",12.6,10.4,NA,NA,NA,NA,NA,"bill black; mouth lining black; legs munsell 5Y 3/1 (very dark gray); light fat; stomach saved; no molt; 1/2 tail missing; skin washed in ivory snow soap","","PA.Bedford","Central",40.1107163,-79.2972537
608641,3399,"Setophaga caerulescens","18-Jun-93","Old Tyrone Pike, 0.6mi N Mountain Road above Bright Run; 560m","Centre","PA","GRG","JPD","T-1119","M","ASY",NA,9.35,"partial",61.7,53.7,3.1,3.7,9.5,6.6,NA,NA,"blue",13.7,13.7,NA,NA,NA,NA,NA,"bill black; mouth lining black; legs Munsell 5Y 3/2 (very dark grayish brown); light fat; no molt; stomach saved; testes ruptured, not measured","",NA,NA,NA,NA
608642,3400,"Setophaga caerulescens","18-Jun-93","Old Tyrone Pike, 0.6mi N Mountain Road above Bright Run; 560m","Centre","PA","GRG","JPD","T-1120","M","ASY","6.5x5, 5x5",9.8,"partial",63.6,51.8,3.2,4.1,11.5,6.8,NA,NA,"blue",12.8,15.5,NA,NA,NA,NA,NA,"bill black; mouth lining black; legs Munsell 5Y 2.5/2 (black); light fat; no molt; stomach saved; testes both mushy","",NA,NA,NA,NA
608648,3406,"Setophaga caerulescens","18-Jun-93","Old Tyrone Pike, 0.95mi N Mountain Road above Bright Run; 610m","Centre","PA","GRG","CJD","T-1126","M","ASY","6x5, 5x5",9.8,"partial",64.2,55.4,3,4.1,10.1,6.9,NA,NA,"blue",13.6,16.5,NA,NA,NA,NA,NA,"bill black; mouth lining black; legs Munsell 5Y 2.5/1 (black); moderate fat; no molt; stomach saved; L testis flat","",NA,NA,NA,NA
610037,3545,"Setophaga caerulescens","13-Jun-96","Santeetlah Creek, 4.85mi below Stratton Gap on Forest Service Road 81, Nantahala Nat'l Forest; 875m","Graham","NC","GRG","JPA","T-1265","M","ASY","6.5x6, 5x4.5",9.6,"partial",63.4,55.6,NA,NA,11,5.9,NA,NA,"blue",13.8,13.7,NA,NA,NA,NA,NA,"mouth lining: slaty gray; legs Munsell 5Y 2.5/2; little fat; weight post-freezing; skull SCO","","NC.Graham","South",35.3424272,-83.9931441
610045,3553,"Setophaga caerulescens","14-Jun-96","Santeetlah Creek, 3.7mi below Stratton Gap on Forest Service Road 81, Nantahala Nat'l Forest; 1010m","Graham","NC","GRG","CMM","T-1273","M","ASY",NA,9.1,"partial",63,53.4,3,4,10.4,6.6,NA,NA,"blue",17.9,20.6,NA,NA,NA,NA,NA,"mouth lining: slaty; legs Munsell 5Y 3/2; little fat; no molt; weight post-freezing; seminal vesicles 4x4mm; testes not found","","NC.Graham","South",35.3424272,-83.9931441
610049,3557,"Setophaga caerulescens","14-Jun-96","Santeetlah Creek, 2.7mi below Stratton Gap on Forest Service Road 81, Nantahala Nat'l Forest; 1125m","Graham","NC","GRG","BKS","T-1277","M","ASY","7x6, 5x4",10,"partial",66.1,55.1,2.8,4.5,NA,NA,NA,NA,"blue",20,20.3,NA,NA,NA,NA,NA,"mouth lining: black; legs Munsell 5Y 2.5/2; trace fat; no molt; weight post-freezing; skull 100% pneumatized; seminal vesicles 4x4mm, tubules enlarged; tip of bill broken","","NC.Graham","South",35.3424272,-83.9931441
610052,3560,"Setophaga caerulescens","15-Jun-96","Santeetlah Creek, 2.3mi below Stratton Gap on Forest Service Road 81, Nantahala Nat'l Forest; 1175m","Graham","NC","GRG","JPA","T-1280","M","SY","7x6, 4.5x6",9.4,"partial",63.2,54.6,NA,NA,NA,NA,NA,NA,"green",8.7,7.2,NA,NA,NA,NA,NA,"mouth lining: cream; legs Munsell 2.5Y 3/2; no fat; skull SCO; weight post-freezing; bill cracked at nares and lower bill misaligned with upper bill","","NC.Graham","South",35.3424272,-83.9931441
610062,3570,"Setophaga caerulescens","17-Jun-96","Stratton Gap, 0.`mi below, on Forest Service Road 81, Nantahala Nat'l Forest; 1310m ","Graham","NC","GRG","CJD","T-1290-a,b","M","ASY","6x5, 5x5",9.9,"partial",65.3,59.2,3.1,4.4,11.4,7.8,NA,NA,"blue",18.1,22.4,NA,NA,NA,NA,NA,"mouth lining: dark gray; legs Munsell 5Y 25./1; no fat; no molt; weight post-freezing","","NC.Graham","South",35.7595731,-79.0192997
610065,3573,"Setophaga caerulescens","17-Jun-96","Stratton Gap, 0.4mi below, on Forest Service Road 81, Nantahala Nat'l Forest; 1315m ","Graham","NC","GRG","CMM","T-1293","M","SY",NA,8.8,"partial",68.7,54.7,3.1,3.9,11,7.6,NA,NA,"green",17.9,18,NA,NA,NA,NA,NA,"mouth lining: brownish black; legs Munsell 5Y 25./2; light fat; no molt; ossified skull; testes shot; weight post-freezing","","NC.Graham","South",35.7595731,-79.0192997
610076,3584,"Setophaga caerulescens","20-Jun-96","Wolf Laurel Road (FSs Road 81-F), 1.7mi above Jct. 81 and 81-F, Nantahala Nat'l Forest, 1265m","Graham","NC","GRG","JPA","T-1304","M","ASY","6.5x4, 5x4",9.3,"partial",64,54,3,4.2,10.7,6.8,NA,NA,"blue",14.9,12.1,NA,NA,NA,NA,NA,"mouth lining: slaty black; legs Munsell 5Y 25./1; weight post-freezing","","NC.Graham","South",35.9589951,-82.5132677
612854,2613,"Setophaga caerulescens","7-Jun-89","E. Fork Chattooga River at Hwy 107; Sumter Nat'l Forest; 885m","Oconee","SC","GRG","JPD","581-a,b","M","ASY","6x5, NA",9.6,"partial",65.4,53.9,2.9,4,10.2,7.2,NA,NA,"blue",11,11.2,NA,NA,NA,NA,NA,"testes mushy","","SC.Oconee","South",34.9430903,-83.1976834
612855,2614,"Setophaga caerulescens","7-Jun-89","E. Fork Chattooga River at Hwy 107; Sumter Nat'l Forest; 885m","Oconee","SC","GRG","JPD","T-582-a,b","M","SY","7x5",9.3,"partial",63.4,50.9,3.3,3.5,10.6,7.5,NA,NA,"green",13,13.7,NA,NA,NA,NA,NA,"","","SC.Oconee","South",34.9430903,-83.1976834
612856,2615,"Setophaga caerulescens","7-Jun-89","E. Fork Chattooga River at Hwy 107; Sumter Nat'l Forest; 885m","Oconee","SC","GRG","JPD","583-a,b","M","ASY","8x6",8.7,"partial",63.9,54.9,2.9,3.6,10.8,6.9,NA,NA,"blue",13.7,13,NA,NA,NA,NA,NA,"","","SC.Oconee","South",34.9430903,-83.1976834
612857,2620,"Setophaga caerulescens","5-Jun-89","Kings Creek; 0.5mi W Hwy 107; Sumter Nat'l Forest; 800m","Oconee","SC","GRG","JPD","588-a,b","M","ASY","8x6, 6x5.5",9.2,"partial",64,52.2,3,3.7,10.8,7.5,NA,NA,"blue",10.4,10.9,NA,NA,NA,NA,NA,"","","SC.Oconee","South",35.0740206,-81.4367536
612859,2630,"Setophaga caerulescens","7-Jun-89","E. Fork Chattooga River at Hwy 107; Sumter Nat'l Forest; 885m","Oconee","SC","GRG","JPD","598-a,b","M","SY","5.5x4.5",10.4,"partial",65.5,49.2,3.3,4,10.3,7.4,NA,NA,"green",3.7,7.7,NA,NA,NA,NA,NA,"","","SC.Oconee","South",34.9430903,-83.1976834
612863,2634,"Setophaga caerulescens","7-Jun-89","E. Fork Chattooga River at Hwy 107; Sumter Nat'l Forest; 885m","Oconee","SC","GRG","JPD","602-a,b","M","ASY","7x5, 5x4",9.4,"partial",61.4,51.7,3.3,3.9,10.3,6.4,NA,NA,"blue",13.3,13.5,NA,NA,NA,NA,NA,"","","SC.Oconee","South",34.9430903,-83.1976834
612865,2636,"Setophaga caerulescens","8-Jun-89","E. Fork Chattooga River at Hwy 107; Sumter Nat'l Forest; 880m","Oconee","SC","GRG","JPD","T-604-a,b","M","SY","7.5x6, 6x4.5",9.3,"partial",63,47.2,2.9,3.9,10.6,7.2,NA,NA,"green",12.7,13.8,NA,NA,NA,NA,NA,"only one rectrix","","SC.Oconee","South",34.9430903,-83.1976834
612867,2638,"Setophaga caerulescens","8-Jun-89","E. Fork Chattooga River at Hwy 107; Sumter Nat'l Forest; 885m","Oconee","SC","GRG","JPD","606-a,b","M","ASY","7x5",10,"partial",66.9,53.9,3.1,3.8,10.9,7.1,NA,NA,"blue",16.3,14.3,NA,NA,NA,NA,NA,"","","SC.Oconee","South",34.9430903,-83.1976834
612879,2616,"Setophaga caerulescens","12-Jun-89","Chestnut Creek , 2mi W. Little Bald Mtn; Chattahoocee Nat'l Forest; 790m","Union","GA","GRG","JPD","584-a,b","M","SY","7x6",10,"partial",62.7,53.7,3.3,3.9,10.3,6.5,NA,NA,"green",7.9,11.8,NA,NA,NA,NA,NA,"","","GA.Union","South",34.0316577,-84.4583188
612880,2617,"Setophaga caerulescens","12-Jun-89","Chestnut Creek , 2mi W. Little Bald Mtn; Chattahoocee Nat'l Forest; 790m","Union","GA","GRG","JPD","585-a,b","M","ASY","7x5",8.95,"partial",63.9,52.1,3.2,4.2,NA,NA,NA,NA,"blue",11.7,13.3,NA,NA,NA,NA,NA,"upper bill tip chipped out","","GA.Union","South",34.0316577,-84.4583188
612881,2618,"Setophaga caerulescens","11-Jun-89","Chestnut Creek , 2mi W. Little Bald Mtn; Chattahoocee Nat'l Forest; 790m","Union","GA","GRG","JPD","586-a,b","M","ASY",NA,10,"partial",64.8,56.1,3,3.7,11,7.1,NA,NA,"blue",16.8,16.5,NA,NA,NA,NA,NA,"testes mush","","GA.Union","South",34.0316577,-84.4583188
612882,2619,"Setophaga caerulescens","11-Jun-89","Chestnut Creek , 2mi W. Little Bald Mtn; Chattahoocee Nat'l Forest; 790m","Union","GA","GRG","JPD","587-a,b","M","ASY",NA,10,"partial",61.5,50.7,3.1,4.3,10.6,7.2,NA,NA,"blue",12.1,11.4,NA,NA,NA,NA,NA,"testes mush","","GA.Union","South",34.0316577,-84.4583188
612883,2621,"Setophaga caerulescens","10-Jun-89","West Cooper Creek; 2mi S. Little Bald Mtn; Chattahoochee Nat'l Forest; 860m","Union","GA","GRG","JPD","588-a,b","M","ASY","7.5x5",9.4,"partial",60.6,51,3.1,3.5,10.5,6.7,NA,NA,"blue",11.8,14.9,NA,NA,NA,NA,NA,"","","GA.Union","South",34.7434208,-84.1393595
612884,2622,"Setophaga caerulescens","10-Jun-89","West Cooper Creek; 2mi S. Little Bald Mtn; Chattahoochee Nat'l Forest; 860m","Union","GA","GRG","JPD","590-a,b","M","ASY","6.5x4.5",9.8,"partial",65.8,56.1,3.3,4,10.2,6.9,NA,NA,"blue",11.5,12,NA,NA,NA,NA,NA,"","","GA.Union","South",34.7434208,-84.1393595
612886,2624,"Setophaga caerulescens","10-Jun-89","West Cooper Creek; 2mi S. Little Bald Mtn; Chattahoochee Nat'l Forest; 860m","Union","GA","GRG","JPD","592-a,b","M","ASY","7.5x6",9,"partial",61.1,50.1,3.1,3.9,10.8,7,NA,NA,"blue",10,13.1,NA,NA,NA,NA,NA,"","","GA.Union","South",34.7434208,-84.1393595
612889,2627,"Setophaga caerulescens","10-Jun-89","Cooper Creek; 2mi SW Little Bald Mtn; Chattahoochee Nat'l Forest; 720m","Union","GA","GRG","CJD","595-a,b","M","ASY","7x5, 5x4",9.6,"partial",60.7,52.3,3.1,4.3,10.9,7,NA,NA,"blue",15.9,14.2,NA,NA,NA,NA,NA,"","","GA.Union","South",34.7434208,-84.1393595
612890,2628,"Setophaga caerulescens","10-Jun-89","Cooper Creek; 2mi SW Little Bald Mtn; Chattahoochee Nat'l Forest; 720m","Union","GA","GRG","JPD","596-a,b","M","SY","6.5x5",9.1,"partial",60.8,49.2,3.1,4.1,11.3,7.8,NA,NA,"green",14.3,13.2,NA,NA,NA,NA,NA,"","","GA.Union","South",34.7434208,-84.1393595
612897,2601,"Setophaga caerulescens","23-Jun-89","George Creek, 1mi S Ripshin Lake, Cherokee Nat'l Forest; 1100m","Carter","TN","GRG","JPD","T-569-a,b","M","ASY","8x5",9,"partial",63.6,53.3,3.1,3.8,10.4,6.5,NA,NA,"blue",12.2,13,NA,NA,NA,NA,NA,"","","TN.Carter","South",35.8406382,-84.0045143
612898,2602,"Setophaga caerulescens","23-Jun-89","George Creek, 1mi S Ripshin Lake, Cherokee Nat'l Forest; 1100m","Carter","TN","GRG","JPD","T-570-a,b","M","ASY","8x6",8.95,"partial",65.3,53.7,3.2,3.7,10.6,7.9,17.9,NA,"blue",14.8,13.7,NA,NA,NA,NA,NA,"tail molt","","TN.Carter","South",35.8406382,-84.0045143
612907,2657,"Setophaga caerulescens","19-Jun-89","Right prong Rock Creek; 4mi SE Erwin, Cherokee Nat'l Forest; 960m","Unicoi","TN","GRG","CJD","625-a,b","M","ASY","7x6, 5x5",9.9,"partial",60.9,55.3,3,NA,11.5,7.2,NA,NA,"blue",16.1,17.3,3,4,2,3,NA,"broken nares","wing spot misaligned ","TN.Unicoi","South",36.1589971,-82.4034721
612911,2664,"Setophaga caerulescens","22-Jun-89","George Creek, 1mi SE Ripshin Lake, Cherokee Nat'l Forest; 1090m","Carter","TN","GRG","JPD","T-632-a,b","M","ASY","6.5x5.5",10.1,"partial",65.6,56,3,4.2,10.5,7,NA,NA,"blue",13.5,13.8,NA,NA,NA,NA,NA,"","","TN.Carter","South",35.8406382,-84.0045143
612912,2665,"Setophaga caerulescens","22-Jun-89","George Creek, 1mi S Ripshin Lake, Cherokee Nat'l Forest; 1100m","Carter","TN","GRG","JPD","633-a,b","M","ASY","8x6, 7x6",9.25,"partial",64.9,49.5,2.9,4.5,10.4,6.6,NA,NA,"blue",13.4,14.9,NA,NA,2,NA,NA,"","","TN.Carter","South",35.8406382,-84.0045143
612914,2667,"Setophaga caerulescens","23-Jun-89","George Creek, 1mi S Ripshin Lake, Cherokee Nat'l Forest; 1100m","Carter","TN","GRG","CJD","T-635-a,b","M","ASY","10x7, 5x6",9.2,"partial",62.9,54,2.7,4.1,10.2,7,NA,NA,"blue",16.1,17.1,NA,NA,NA,NA,NA,"","","TN.Carter","South",35.8406382,-84.0045143
612915,2668,"Setophaga caerulescens","23-Jun-89","George Creek, 1mi S Ripshin Lake, Cherokee Nat'l Forest; 1100m","Carter","TN","GRG","CJD","T-636-a,b","M","ASY","7x5, 5x5",10.2,"partial",65.4,53,2.8,4.1,10.6,6.5,NA,NA,"blue",14.9,17.9,NA,NA,NA,NA,NA,"","","TN.Carter","South",35.8406382,-84.0045143
612916,2669,"Setophaga caerulescens","23-Jun-89","George Creek, 1mi S Ripshin Lake, Cherokee Nat'l Forest; 1100m","Carter","TN","GRG","JPD","637-a,b","M","ASY","8.5x6, 6.5x5",9.6,"partial",63.3,52,2.8,4.2,10.6,6.6,NA,NA,"blue",14.6,15.8,NA,NA,2,NA,NA,"","","TN.Carter","South",35.8406382,-84.0045143
612917,2670,"Setophaga caerulescens","23-Jun-89","George Creek, 1mi S Ripshin Lake, Cherokee Nat'l Forest; 1100m","Carter","TN","GRG","JPD","638-a,b","M","SY","6.5x5",9.3,"partial",64.9,54.6,2.8,4.3,10.8,7,NA,NA,"green",7.3,7.9,NA,NA,2,NA,NA,"","","TN.Carter","South",35.8406382,-84.0045143
612918,2679,"Setophaga caerulescens","20-Jun-89","Red Fork Indian Creek, 7.5mi E Erwin, Cherokee Nat'l Forest; 1320m","Unicoi","TN","GRG","JPD","647-a,b","M","SY",NA,9.3,"partial",61,NA,2.9,4.1,10.3,6.5,NA,NA,"green",14.1,12,4,4,2,3,NA,"gonads destroyed; tail gone; lower bill projected forward beyond upper bill (preparation)","wing spot misaligned, VR photo blown out on some channels, maybe need to remake","TN.Unicoi","South",36.2853566,-84.1346459
612928,2695,"Setophaga caerulescens","19-Jun-89","Right prong Rock Creek; 5mi SE Erwin, Cherokee Nat'l Forest; 1050m","Unicoi","TN","GRG","CJD","663-a,b","M","ASY","6x5",10.1,"partial",62.8,54.3,3,4.1,11.1,7.4,NA,NA,"blue",11.5,13.9,3,2,2,3,NA,"","","TN.Unicoi","South",36.1589971,-82.4034721
612930,2702,"Setophaga caerulescens","19-Jun-88","Right prong Rock Creek; 4mi SE Erwin, Cherokee Nat'l Forest; 960m","Unicoi","TN","GRG","JPD","T-670-a,b","M","ASY","8x6",9.45,"partial",59.5,53.5,2.8,4.2,10.7,7.4,NA,NA,"blue",10.3,12,4,4,2,3,NA,"","wingspot misaligned","TN.Unicoi","South",36.1589971,-82.4034721
612931,2703,"Setophaga caerulescens","19-Jun-89","Right prong Rock Creek; 4mi SE Erwin, Cherokee Nat'l Forest; 960m","Unicoi","TN","GRG","CJD","671-a,b","M","SY","6x5, NA",9.6,"partial",65.3,52.9,3,4.1,10.5,7.2,NA,NA,"green",10.2,14.4,3,3,2,3,NA,"","","TN.Unicoi","South",36.1589971,-82.4034721
612932,2704,"Setophaga caerulescens","19-Jun-89","Right prong Rock Creek; 4mi SE Erwin, Cherokee Nat'l Forest; 960m","Unicoi","TN","GRG","JPD","672-a,b","M","ASY","8x6, NA",9.8,"partial",64.3,56.3,3.1,4,9.9,6.7,NA,NA,"blue",15.1,14.2,3,3,2,3,NA,"","","TN.Unicoi","South",36.1589971,-82.4034721
612933,2705,"Setophaga caerulescens","19-Jun-89","Right prong Rock Creek; 4mi SE Erwin, Cherokee Nat'l Forest; 960m","Unicoi","TN","GRG","CJD","673-a,b","M","ASY","7x5, 5x5",9.1,"partial",63,51,2.8,4.2,10,6.6,NA,NA,"U",15.4,21.5,3,3,2,3,NA,"","","TN.Unicoi","South",36.1589971,-82.4034721
612939,2716,"Setophaga caerulescens","23-Jun-89","George Creek, 1mi S Ripshin Lake, Cherokee Nat'l Forest; 1100m","Carter","TN","GRG","JPD","684-a,b","M","ASY","7x5.5",9.6,"partial",64.7,50.5,3,4.2,10.7,6.4,NA,NA,"blue",14.9,13.7,NA,NA,2,NA,NA,"","","TN.Carter","South",35.8406382,-84.0045143
612941,2720,"Setophaga caerulescens","20-Jun-89","Right prong Rock Creek; 4mi SE Erwin, Cherokee Nat'l Forest; 960m","Unicoi","TN","GRG","JPD","688-a,b","M","ASY","10x6.5, 7.5x5",9.6,"partial",62.1,54.8,3.1,4.5,12.1,7.7,NA,NA,"blue",19.7,21.3,3,3,2,3,NA,"","","TN.Unicoi","South",36.1589971,-82.4034721
613585,2918,"Setophaga caerulescens","12-Jun-90","Ottawa Nat'l Forest; 0.5mi E Bela Lake on FS rd 3614","Iron","MI","GRG","JPD","754-a,b","M","ASY","10x6, 7x5",10.5,"partial",63.8,45.8,3.1,3.4,10,7,NA,NA,"blue",12.7,13.6,NA,NA,NA,NA,NA,"skull ossified; bill black; feet/legs olive brown; no molt; stomach contents: insect mush","","MI.Iron","North West",46.2620289,-89.1773376
613586,2919,"Setophaga caerulescens","12-Jun-90","Ottawa Nat'l Forest; 0.5mi E Bela Lake on FS rd 3614","Iron","MI","GRG","JPD","755-a,b","M","ASY","6x4, 5x4",9.6,"partial",62.3,55.6,3.1,3.8,9.4,6.6,NA,NA,"blue",13.7,12.2,NA,NA,NA,NA,NA,"skull ossified; bill black; feet/legs dark brown; stomach contents: insect mush; parasite found in lung cavity","","MI.Iron","North West",46.2620289,-89.1773376
613591,2903,"Setophaga caerulescens","13-Jun-90","Ottawa Nat'l Forest; North Branch Paint River at FS Rd 3612","Iron","MI","GRG","JPD","739-a,b","M","ASY","9x6, 7.5x5",9.8,"partial",64.1,49.6,3,3.9,11.1,7.3,NA,NA,"blue",13.1,15.8,NA,NA,NA,NA,NA,"light fat; skull ossified; bill black; feet/legs olive brown; no wing molt; right side tail shot away; stomach contents: insect mush","","MI.Iron","North West",46.2620289,-89.1773376
613592,2943,"Setophaga caerulescens","13-Jun-90","Ottawa Nat'l Forest; 0.5mi NE Killdeer Ave on FS Rd 3346","Iron","MI","GRG","JPD","779-a,b","M","SY","6.5x5, 5.5x4.5",9.8,"partial",65,47.9,3.4,3.6,11.6,7.2,NA,NA,"green",10.4,9,NA,NA,NA,NA,NA,"skill ossified; bill black; feet/legs olive brown; no molt; lt fat; stomach: insect parts","","MI.Iron","North West",46.2620289,-89.1773376
613593,2944,"Setophaga caerulescens","13-Jun-90","Ottawa Nat'l Forest; 0.5mi NE Killdeer Ave on FS Rd 3346","Iron","MI","GRG","JPD","780-a,b","M","SY","7x4, 5x3",9.6,"partial",59.2,49.5,3.2,4.1,10.6,7.1,NA,NA,"green",8.8,6.3,NA,NA,NA,NA,NA,"skill ossified; bill black; feet/legs olive brown; lt fat; stomach: insect mush","","MI.Iron","North West",46.2620289,-89.1773376
613594,2904,"Setophaga caerulescens","14-Jun-90","Ottawa Nat'l Forest; 0.5mi E Clear Lake on FS rd 3346","Iron","MI","GRG","JPD","740-a,b","M","ASY","8x6.5, 7x5",9.5,"partial",59.6,50.3,3.4,3.8,9.4,6.8,NA,NA,"blue",13.9,13.4,NA,NA,NA,NA,NA,"skull ossified; bill black; feet olive brown; no molt; no fat","","MI.Iron","North West",46.2620289,-89.1773376
613597,2901,"Setophaga caerulescens","14-Jun-90","Ottawa Nat'l Forest; 0.5mi NE Killdeer Ave on FS Rd 3346","Iron","MI","GRG","JPD","T-737-a,b","M","SY","6.5x4.5, 6x4.5",10.2,"partial",64,52.8,3.1,4.2,10.5,7.3,NA,NA,"green",18.6,18,NA,NA,NA,NA,NA,"bill black; feet/legs olive brown; no fat; stomach: insect mush; skull ossified","","MI.Iron","North West",46.2620289,-89.1773376
613598,2910,"Setophaga caerulescens","13-Jun-90","Ottawa Nat'l Forest; 0.5mi E Bela Lake on FS rd 3614","Iron","MI","GRG","JPD","T-746-a,b","M","ASY","9x6, 6x4",9.4,"partial",63.7,47.8,NA,NA,9,7.4,NA,NA,"blue",16,15.5,NA,NA,NA,NA,NA,"bill black; feet/legs dark olive brown; no fat; no molt; stomach: caterpillar, insect remains; skull ossified","","MI.Iron","North West",46.2620289,-89.1773376
613606,2912,"Setophaga caerulescens","15-Jun-90","Nicolet Nat'l Forest, 0.5mi W Upper Mile Lake on FS road 2178; 515m","Oneida","WI","GRG","JPD","T-748-a,b","M","SY",NA,9.3,"partial",61,51.7,3,3.6,10.9,7.3,NA,NA,"green",14.5,14.9,NA,NA,NA,NA,NA,"bill black; feet/legs dark olive brown; no fat; no molt; stomach: insect mush; skull ossified; testes destroyed by shot","","WI.All","North West",46.1295655,-90.8629825
613607,2948,"Setophaga caerulescens","15-Jun-90","Nicolet Nat'l Forest, Seven Mile Lake at FS Rd. 2178; 510m","Oneida","WI","GRG","JPD","T-784-a,b","M","ASY","7x6.5, 6.5x5",9.8,"partial",63.9,52.7,3.2,4,11.8,7.9,NA,NA,"blue",18.9,17.6,NA,NA,NA,NA,NA,"bill black; feet/legs dark olive brown; no fat; no molt; stomach: insect mush; skull ossified; testes destroyed by shot","","WI.All","North West",46.1295655,-90.8629825
613608,2949,"Setophaga caerulescens","15-Jun-90","Nicolet Nat'l Forest, Seven Mile Lake at FS Rd. 2178","Oneida","WI","GRG","JPD","T-785-a,b","M","SY","7x5, 6x4.5",NA,"partial",63.8,51.1,3.1,4,10.4,7.6,NA,NA,"green",8.2,9.8,NA,NA,NA,NA,NA,"bill black; feet/legs olive brown; no fat; no molt; skull ossified","","WI.All","North West",46.1295655,-90.8629825
613609,2937,"Setophaga caerulescens","16-Jun-90","Nicolet Nat'l Forest, North Branch Pine River on FS Rd 2174; 505m","Forest","WI","GRG","JPD","T-773-a,b","M","SY","7x4.5, 5.5x5",9.7,"partial",62.1,51.3,2.9,4.3,10.4,7.1,NA,NA,"green",9.2,9.7,NA,NA,NA,NA,NA,"bill black; feet/legs olive brown; no fat; no molt; stomach: insect mush; skull ossified","",NA,NA,NA,NA
613611,2947,"Setophaga caerulescens","16-Jun-90","Nicolet Nat'l Forest, North Branch Pine River on FS Rd 2174; 505m","Oneida","WI","GRG","JPD","T-783-a,b","M","ASY","7x5.5, 6x4.5",9.4,"partial",63.9,49.7,3,4.6,10.9,6.7,NA,NA,"blue",13.1,13.9,NA,NA,NA,NA,NA,"bill black; feet/legs light olive; no fat; no molt; stomach: caterpillar remains; skull ossified","","WI.All","North West",46.1295655,-90.8629825
613612,2913,"Setophaga caerulescens","16-Jun-90","Nicolet Nat'l Forest, North Branch Pine River on FS Rd 2174; 505m","Oneida","WI","GRG","JPD","T-749-a,b","M","ASY","5x4.5, NA",9.6,"partial",61.3,57,3,4.1,10.8,7.1,NA,NA,"blue",18.8,21.3,NA,NA,NA,NA,NA,"bill black; feet/legs dark olive brown; no fat; stomach: insect parts, caterpillar; skull ossified; R testis deflated","","WI.All","North West",46.1295655,-90.8629825
613652,2984,"Setophaga caerulescens","24-Jun-90","1mi E Burns Lake","Renfrew","ON","GRG","JPD","820-a,b","M","ASY","7x4, 8x5",9.25,"partial",64,51.7,NA,NA,10.8,7,NA,NA,"blue",11.5,11.3,NA,NA,NA,NA,NA,"skull ossified; biil black; feet/legs olive dark brown; no fat; stomach: insect mush, small green caterpillar; upper and lower bill askew","","ON.Renfrew","North Central",45.3162032,-77.0923653
613654,2986,"Setophaga caerulescens","25-Jun-90","1mi E Burns Lake","Renfrew","ON","GRG","JPD","822-a,b","M","ASY","NA, 6x7.5",9.45,"partial",61.8,50.6,2.8,3.7,10.1,6.8,NA,NA,"blue",8.8,12.1,NA,NA,NA,NA,NA,"skull ossified; trace fat; stomach: caterpillar remains; L testis deflated","","ON.Renfrew","North Central",45.3162032,-77.0923653
613657,2932,"Setophaga caerulescens","25-Jun-90","Beaverdam Lake","Thunder Bay","ON","GRG","JPD","768-a,b","M","ASY","7.5x5, 5.5x5",9.2,"partial",63.8,50.7,3.2,4.1,10.7,6.9,NA,NA,"blue",13.7,13.4,NA,NA,NA,NA,NA,"skull ossified; bill black; feet/legs dark olive brown; trace fat; stomach: caterpillar remains; no molt","","ON.Thunder","North Central",48.8665693,-86.9761973
613658,2933,"Setophaga caerulescens","25-Jun-90","1mi S Beaverdam Lake","Thunder Bay","ON","GRG","JPD","769-a,b","M","ASY","5x4, 8x6",9.35,"partial",62.3,51.2,2.7,3.9,10.7,7,NA,NA,"blue",11.5,11.1,NA,NA,NA,NA,NA,"skull ossified; bill black; feet/legs light brown; no fat; stomach: insect mush","","ON.Thunder","North Central",48.8665693,-86.9761973
613660,2935,"Setophaga caerulescens","25-Jun-90","1mi S Beaverdam Lake","Thunder Bay","ON","GRG","JPD","771-a,b","M","SY","5x4, 6x5",9.3,"partial",64.3,50.5,3.1,4.2,11.4,7.8,NA,NA,"green",10.4,11.8,NA,NA,NA,NA,NA,"skull ossified; bill black; feet/legs olive brown; no fat; stomach: insect parts","","ON.Thunder","North Central",48.8665693,-86.9761973
613661,2952,"Setophaga caerulescens","26-Jun-90","3mi N Round Lake","Thunder Bay","ON","GRG","JPD","788-a,b","M","SY","7x5, 6.5x5",9.6,"partial",60.1,51.2,2.9,3.9,10.4,6.9,NA,NA,"green",12.3,9.4,NA,NA,NA,NA,NA,"skull ossified; bill black; feet/legs dark olive; trace fat; stomach: caterpillar remains; no molt","","ON.Thunder","North Central",48.8665693,-86.9761973
613662,2982,"Setophaga caerulescens","26-Jun-90","1mi S Beaverdam Lake","Thunder Bay","ON","GRG","JPD","818-a,b","M","?SY","8x5x 6x4",9.1,"partial",59.1,53.7,3.1,4.3,11,7.3,NA,NA,NA,9.7,12.8,NA,NA,NA,NA,NA,"skull ossified; bill black; feet/legs dark olive brown; trace fat; stomach: caterpillar remains; no molt; no alula - age based primarily on tail and body measurements","","ON.Thunder","North Central",48.8665693,-86.9761973
613663,2983,"Setophaga caerulescens","26-Jun-90","1mi S Beaverdam Lake","Thunder Bay","ON","GRG","JPD","819-a,b","M","ASY","6x5, NA",9.5,"partial",60.8,52.6,3.1,4.2,11.6,7.7,NA,NA,"blue",12.1,14.3,NA,NA,NA,NA,NA,"skull ossified; bill black; feet/legs dark brown; trace fat; stomach: insect parts; no molt; R testis missing","","ON.Thunder","North Central",48.8665693,-86.9761973
613669,2973,"Setophaga caerulescens","27-Jun-90","White Mountain Bay","Renfrew","ON","GRG","JPD","809-a,b","M","SY","6x5, 4x5",9.9,"partial",63,56.2,2.9,4.4,10.4,7.3,NA,NA,"green",8.7,9.6,NA,NA,NA,NA,NA,"skull ossified; bill black; feet/legs olive brown; no fat; stomach: insect parts; no molt","","ON.Renfrew","North Central",45.6677817,-77.6868559
613671,2975,"Setophaga caerulescens","27-Jun-90","White Mountain Bay","Renfrew","ON","GRG","JPD","811-a,b","M","SY","7x5.5, NA",10,"partial",61.5,52.4,3.4,3.9,10.6,7.3,NA,NA,"green",9.3,10.7,NA,NA,NA,NA,NA,"skull ossified; bill black; feet/legs olive brown; light fat; stomach: caterpillar, other insect parts; no molt; R testis ruptured","","ON.Renfrew","North Central",45.6677817,-77.6868559
613673,2971,"Setophaga caerulescens","27-Jun-90","White Mountain Bay","Renfrew","ON","GRG","JPD","807-a,b","M","ASY","7x6, 6x5",9.6,"partial",65.9,52.1,3.3,4,11.1,7,NA,NA,"blue",11.5,13.7,NA,NA,NA,NA,NA,"skull ossified; bill black; feet/legs olive brown; no fat; stomach: caterpillar remains; no molt","","ON.Renfrew","North Central",45.6677817,-77.6868559
613676,2991,"Setophaga caerulescens","27-Jun-90","3mi N. Round Lake","Renfrew","ON","GRG","JPD","827-a,b","M","SY","6x4.5, 6x6",9.7,"partial",58.7,51.4,3,4,11,7.3,NA,NA,"green",9.5,8.7,NA,NA,NA,NA,NA,"skull ossified; bill black; feet/legs olive brown; trace fat; stomach: caterpillar remains","","ON.Renfrew","North Central",45.6457807,-77.5335666
613677,2992,"Setophaga caerulescens","27-Jun-90","3mi N. Round Lake","Renfrew","ON","GRG","?","828-a,b","M","ASY","6x5, 7x5",8.5,"partial",61,54.4,NA,NA,NA,NA,NA,NA,"blue",15.2,12.5,NA,NA,NA,NA,NA,"skull ossified; bill black; feet/legs dark brown; no fat; stomach: insect mush; no molt; upper bill broken","","ON.Renfrew","North Central",45.6457807,-77.5335666
613690,3005,"Setophaga caerulescens","28-Jun-90","Beaverdam Lake","Thunder Bay","ON","GRG","JPD","841-a,b","M","ASY","9.5x6.5, 7.5x5",9.3,"partial",66.3,53.6,3.5,4.4,10.8,7.4,NA,NA,NA,15.1,15.4,NA,NA,NA,NA,NA,"skull ossified; bill black; feet/legs olive brown; fat trace; stomach: caterpillar","","ON.Thunder","North Central",48.8665693,-86.9761973
613691,3006,"Setophaga caerulescens","28-Jun-90","Beaverdam Lake","Thunder Bay","ON","GRG","JPD","842-a,b","M","ASY","6x4.5, 6x6",9.7,"partial",62,48.9,3.1,4.3,10.2,6.8,NA,NA,"blue",13.2,11,NA,NA,NA,NA,NA,"","","ON.Thunder","North Central",48.8665693,-86.9761973
614261,3014,"Setophaga caerulescens","15-Jun-90","St. Mary's Cemetary, 5mi NE Yoho Lake on Hwy 640","York","NB","GRG","CJD","849-a,b","M","ASY","7x5, 6x5",9.6,"partial",66.6,51.9,3.1,3.7,10.2,6.5,NA,NA,"blue",16.9,15.2,3,2,2,3,NA,"no fat; bill black; feet/legs olive; no molt stomach saved","","NB.York","North East",41.0181113,-80.3691376
614262,3015,"Setophaga caerulescens","16-Jun-91","3.9mi NE New Market (Hwy 3)","York","NB","GRG","JPD","850-a,b","M","ASY","8.5x5, 7.5x5",10.19,"partial",65,51.8,3.6,3.7,10.1,6.8,NA,NA,"blue",13.3,15.6,3,2,2,3,NA,"no fat; bill black; feet/legs dark olive; no molt; stomach saved","","NB.York","North East",45.82499,-66.919051
614268,3021,"Setophaga caerulescens","16-Jun-91","2.8mi NE New Market (Hwy 3)","York","NB","GRG","JPD","856-a,b","M","SY","8.5x6, 6x5",10.5,"partial",60.1,51.5,3.1,4.2,10.1,7.1,NA,NA,"green",10.8,11,0,2,2,3,NA,"no fat; bill black; feet/legs dark olive; no molt; stomach saved","","NB.York","North East",45.82499,-66.919051
614269,3022,"Setophaga caerulescens","16-Jun-91","2.7mi NE New Market (Hwy 3)","York","NB","GRG","CJD","857-a,b","M","SY","8x5, 6x4",9.5,"partial",63.1,51.8,3.2,4.2,10.2,6.9,NA,NA,"green",11.2,11,3,2,2,3,NA,"no fat; bill black; feet/legs dark olive; no molt; stomach saved; most tail feathers missing","ventral photo not opening - need to do comparisons whole belly and 3 squares","NB.York","North East",45.82499,-66.919051
614270,3023,"Setophaga caerulescens","17-Jun-91","3.6mi NE New Market (Hwy 3)","York","NB","GRG","JPD","858-a,b","M","SY","6.5x5, 5.5x4.5",9.5,"partial",60.8,51,3.2,3.8,10.7,7.2,NA,NA,"green",10.1,9.3,3,2,2,3,NA,"fat none; stomach saved; badly shot; stomach saved; bill black; feet/legs dark olive; mssing L wingspot because missing some primaries","","NB.York","North East",45.82499,-66.919051
614273,3026,"Setophaga caerulescens","17-Jun-91","0.3mi E Lake Magaguadavic on rad to upper Magaguadavic","York","NB","GRG","CJD","861-a,b","M","ASY","NA, 5x4",9.8,"partial",65.1,55.5,3.3,4.2,NA,NA,NA,NA,"blue",11.6,10.4,3,2,2,3,NA,"no fat; bill black; feet/legs olive; no molt; stomach saved; L testis brown in color and deflated; tip of upper bill shot","","NB.York","North East",45.714,-67.196
614276,3029,"Setophaga caerulescens","17-Jun-91","1mi NW Mud Lake","York","NB","GRG","JPD","864-a,b","M","ASY","7.5x5.5, 7.5x5.5",10.2,"partial",60.6,51.9,3.7,4,10.2,7.1,NA,NA,"blue",13,15.1,3,2,2,3,NA,"bill black; feet/legs dark olive; no molt; stomach saved","","NB.York","North East",45.6892295,-67.7308419
614277,3030,"Setophaga caerulescens","17-Jun-91","1mi NW Mud Lake","York","NB","GRG","CJD","865-a,b","M","ASY","8x6, NA",9.9,"partial",63.4,56,3.4,4.3,9.2,6.8,NA,NA,"blue",15.7,16.6,3,2,2,3,NA,"bill black; feet/legs dark olive; no molt; stomach saved; R testis deflated; both wings damaged by shot","","NB.York","North East",45.6892295,-67.7308419
614278,3031,"Setophaga caerulescens","17-Jun-91","1mi NW Mud Lake","York","NB","GRG","JPD","866-a,b","M","SY","NA, 6x1",9.7,"partial",62.8,56.2,NA,NA,NA,NA,NA,NA,"green",15.3,12.4,3,2,2,3,NA,"bill black; feet/legs dark olive;  stomach saved; L testis deflated, top mandible broken at tip","","NB.York","North East",45.6892295,-67.7308419
614279,3032,"Setophaga caerulescens","11-Jun-91","Musquodobit River; 0.9mi N Crawford Bridge","Halifax","NS","GRG","JPD","867-a,b","M","SY","6x5, 6x5",10.2,"partial",61.8,46.4,3.3,4.1,9,6.7,NA,NA,"green",8.3,8.7,NA,NA,NA,NA,NA,"no fat; bill black; feet/legs olive; no molt; stomach saved","","NS.Halifax","North East",44.9230007,-63.2413358
614280,3033,"Setophaga caerulescens","11-Jun-91","Musquodobit River; 0.4mi N Crawford Bridge","Halifax","NS","GRG","CJD","868-a,b","M","ASY","6x5, 6x5",10.2,"partial",63,53.1,3.4,4.3,10.8,6.8,NA,NA,"blue",13.3,14.8,NA,NA,NA,NA,NA,"no fat; bill black; feet/legs olive; no molt; stomach saved","","NS.Halifax","North East",44.9230007,-63.2413358
614281,3034,"Setophaga caerulescens","12-Jun-91","Musquodobit River; Crawford Bridge","Halifax","NS","GRG","JPD","869-a,b","M","ASY","6x5, 5.5x4.5",9.7,"partial",62.8,50.6,3,3.8,10.6,6.9,NA,NA,"blue",13.9,14,NA,NA,NA,NA,NA,"no fat; bill black; feet/legs olive; no molt; stomach saved","","NS.Halifax","North East",44.9230007,-63.2413358
614282,3035,"Setophaga caerulescens","12-Jun-91","Musquodobit River; Crawford Bridge","Halifax","NS","GRG","CJD","870-a,b","M","SY","6x5, 5x4",10.9,"partial",63.6,51.7,3.4,4.1,11.2,7.3,NA,NA,"blue",8.6,8.8,NA,NA,NA,NA,NA,"no fat; bill black; feet/legs light olive; no molt; stomach saved","","NS.Halifax","North East",44.9230007,-63.2413358
614283,3036,"Setophaga caerulescens","12-Jun-91","Dollar Lake","Halifax","NS","GRG","JPD","871-a,b","M","ASY","7x5",10.6,"partial",61.1,52.8,NA,NA,10.9,6.7,NA,NA,"blue",12.9,14.4,NA,NA,NA,NA,NA,"light fat; bill black; feet/legs dark olive; stomach saved; head damaged by shot; lower mandible protruding forward","","NS.Halifax","North East",44.9144398,-63.3232274
614284,3037,"Setophaga caerulescens","12-Jun-91","Dollar Lake","Halifax","NS","GRG","CJD","872-a,b","M","SY","6x5, 5x4",10.4,"partial",65.7,50.9,3.3,4.1,10.3,6.4,NA,NA,"green",7.3,8.2,NA,NA,NA,NA,NA,"no fat; bill black; feet/legs light olive; stomach saved","","NS.Halifax","North East",44.9144398,-63.3232274
614285,3038,"Setophaga caerulescens","12-Jun-91","Dollar Lake","Halifax","NS","GRG","JPD","873-a,b","M","ASY","9x5.5,6x4.5",11.7,"partial",66.3,50.3,3,4.3,10.8,7,NA,NA,"blue",14.4,13.9,NA,NA,NA,NA,NA,"light fat; bill black; feet/legs dark olive; stomach saved; no molt","","NS.Halifax","North East",44.9144398,-63.3232274
614287,3040,"Setophaga caerulescens","23-Jun-91","Frenchtown Township; 1.5mi SE Kokadjo on S. shore First Roach Lake","Piscataquis","ME","GRG","JPD","875-a,b","M","SY","7x5.5, NA",9.4,"partial",60.3,49.2,2.8,3.6,10.8,7.3,NA,NA,"green",9.2,8,NA,NA,NA,NA,NA,"stomach saved; bill black; feet/legs olive","","ME.Piscataquis","North East",45.6711541,-69.4469979
614288,3041,"Setophaga caerulescens","23-Jun-91","Frenchtown Township; 3 mi ESE Kokadjo on S. shore First Roach Lake","Piscataquis","ME","GRG","CJD","876-a,b","M","SY","6x4, 5x4",9.9,"partial",62.5,50.1,NA,4.3,9.9,7.7,NA,NA,"green",11,11.7,NA,NA,NA,NA,NA,"no fat; stomach saved; bill black; feet/legs olive; broken lower mandible","","ME.Piscataquis","North East",45.6711541,-69.4469979
614289,3042,"Setophaga caerulescens","23-Jun-91","Frenchtown Township; 5.5 mi ESE Kokadjo on S. shore First Roach Lake","Piscataquis","ME","GRG","JPD","T-877-a,b","M","SY","6.5x4.5",10.1,"partial",60.8,47.4,3,3.8,10.8,7.4,NA,NA,"green",9.7,9.4,NA,NA,NA,NA,NA,"bill black; feet/legs dark olive; no molt; stomach saved","","ME.Piscataquis","North East",45.6711541,-69.4469979
614293,3046,"Setophaga caerulescens","23-Jun-91","Frenchtown Township; east end First Roach Lake","Piscataquis","ME","GRG","JPD","T-881-a,b","M","SY","5x4, 5.5x4.5",9.15,"partial",59.6,49.7,2.9,4.1,11.2,7.1,NA,NA,"green",14.4,14.8,NA,NA,NA,NA,NA,"bill black; feet/legs blackish olive; light fat; stomach saved; testes deflated","","ME.Piscataquis","North East",45.6559024,-69.3781359
614294,3047,"Setophaga caerulescens","24-Jun-91","Lily Bay Township; 2mi NE Lily Bay of Moosehead Lake on Lily Bay Rd.","Piscataquis","ME","GRG","JPD","882-a,b","M","ASY","NA, 6.5x5",9.6,"partial",57.3,42.1,3.4,4.1,9.7,7.1,NA,NA,"blue",21,19.5,NA,NA,NA,NA,NA,"stomach saved; bill black; feet/legs dark olive; no wing. molt; tail rectrix #2 80% grown; no body molt; L testis ruptured","","ME.Piscataquis","North East",45.5990454,-69.5107309
614297,3050,"Setophaga caerulescens","24-Jun-91","Frenchtown Township; 2 mi SE Kokadjo on S. shore First Roach Lake","Piscataquis","ME","GRG","JPD","T-885-a,b","M","ASY","8x5, 6x5",9.85,"partial",65.4,52.8,3,4.4,10.6,7,NA,NA,"blue",13.6,16.9,NA,NA,NA,NA,NA,"bill black; feet/legs dark olive; no fat; no molt; stomach saved","",NA,NA,NA,NA
614299,3052,"Setophaga caerulescens","24-Jun-91","Frenchtown Township; 2 mi SE Kokadjo on S. shore First Roach Lake","Piscataquis","ME","GRG","JPD","887-a,b","M","SY","8.5x5.5, 6.5x5.5",9.65,"partial",59,48.2,3.1,4,9.5,6.6,NA,NA,"green",11.1,12.9,NA,NA,NA,NA,NA,"no fat; bill black; feet/legs blackish olive; no molt; stomach saved","","ME.Piscataquis","North East",45.6711541,-69.4469979
614302,3055,"Setophaga caerulescens","25-Jun-91","Beaver Cave Township, east end of Beaver Cove of Moosehead Lake","Piscataquis","ME","GRG","JPD","T-890-a,b","M","ASY","7x5, 6x4.5",9.7,"partial",60.2,51.9,2.9,3.9,10.7,7,NA,NA,"blue",11.5,11.5,NA,NA,NA,NA,NA,"bill black; feet/legs dark olive; no fat; no molt; stomach saved","","ME.Piscataquis","North East",45.5423142,-69.5459453
614305,3058,"Setophaga caerulescens","25-Jun-91","Greenville Township; Sandy Bay on Moosehead Lake","Piscataquis","ME","GRG","JPD","893-a,b","M ","ASY","8x5, 6.5x4.5",9,"partial",63.3,51.9,3.1,3.9,10.6,6.9,NA,NA,"blue",14.3,13.3,NA,NA,NA,NA,NA,"no fat; bill black; feet/legs olive; no molt; stomach saved","","ME.Piscataquis","North East",45.8051912,-70.388574
614307,3060,"Setophaga caerulescens","25-Jun-91","Greenville Township; Sandy Bay on Moosehead Lake","Piscataquis","ME","GRG","JPD","895-a,b","M","ASY","7x5.5, 6x4",9.95,"partial",66.2,50.8,3.3,4.1,9.8,7.1,NA,NA,"blue",12.6,15.2,NA,NA,NA,NA,NA,"light fat; bill black; feet/legs olive; no molt; stomach saved","","ME.Piscataquis","North East",45.8051912,-70.388574
618610,2946,"Setophaga caerulescens","16-Jun-90","Nicolet Nat'l Forest, North Branch Pine River on FS Rd 2174; 505m","Oneida","WI","GRG","JPD","T-782-a,b","M","SY","6x5, 5x5",10.6,"partial",69.6,54,3.2,4.2,10.8,7.3,NA,NA,"green",10.8,12.2,NA,NA,NA,NA,NA,"bill black; feet/legs olive; no fat; stomach: insect mush, small caterpillar; skull ossified","",NA,NA,NA,NA
